text,category
Machine learning algorithms learn patterns from data in research projects.,Machine Learning
Supervised learning uses labeled datasets using modern techniques.,Machine Learning
Unsupervised learning discovers hidden patterns using modern techniques.,Machine Learning
Decision trees are popular classification models in research projects.,Machine Learning
Random forests combine multiple decision trees using large datasets.,Machine Learning
Support vector machines classify complex data in research projects.,Machine Learning
Model training improves prediction accuracy to improve performance.,Machine Learning
Feature engineering enhances model performance for real-world applications.,Machine Learning
Cross validation evaluates model reliability with high accuracy.,Machine Learning
Gradient boosting improves predictive models for real-world applications.,Machine Learning
Machine learning algorithms learn patterns from data for enterprise solutions.,Machine Learning
Supervised learning uses labeled datasets for real-world applications.,Machine Learning
Unsupervised learning discovers hidden patterns in research projects.,Machine Learning
Decision trees are popular classification models with high accuracy.,Machine Learning
Random forests combine multiple decision trees in research projects.,Machine Learning
Support vector machines classify complex data to improve performance.,Machine Learning
Model training improves prediction accuracy with high accuracy.,Machine Learning
Feature engineering enhances model performance in research projects.,Machine Learning
Cross validation evaluates model reliability to improve performance.,Machine Learning
Gradient boosting improves predictive models for enterprise solutions.,Machine Learning
Machine learning algorithms learn patterns from data in research projects.,Machine Learning
Supervised learning uses labeled datasets to improve performance.,Machine Learning
Unsupervised learning discovers hidden patterns for real-world applications.,Machine Learning
Decision trees are popular classification models using large datasets.,Machine Learning
Random forests combine multiple decision trees using large datasets.,Machine Learning
Support vector machines classify complex data for real-world applications.,Machine Learning
CNNs classify images effectively in research projects.,Computer Vision
Object detection identifies multiple objects using modern techniques.,Computer Vision
Image segmentation separates regions using large datasets.,Computer Vision
OpenCV processes digital images for enterprise solutions.,Computer Vision
Facial recognition uses visual features using modern techniques.,Computer Vision
Image augmentation improves robustness using modern techniques.,Computer Vision
Edge detection highlights boundaries for enterprise solutions.,Computer Vision
Vision models detect defects with high accuracy.,Computer Vision
Optical character recognition extracts text to improve performance.,Computer Vision
Medical imaging uses deep learning using large datasets.,Computer Vision
CNNs classify images effectively for real-world applications.,Computer Vision
Object detection identifies multiple objects using large datasets.,Computer Vision
Image segmentation separates regions using large datasets.,Computer Vision
OpenCV processes digital images with high accuracy.,Computer Vision
Facial recognition uses visual features for real-world applications.,Computer Vision
Image augmentation improves robustness for enterprise solutions.,Computer Vision
Edge detection highlights boundaries for enterprise solutions.,Computer Vision
Vision models detect defects in research projects.,Computer Vision
Optical character recognition extracts text with high accuracy.,Computer Vision
Medical imaging uses deep learning using large datasets.,Computer Vision
CNNs classify images effectively in research projects.,Computer Vision
Object detection identifies multiple objects for enterprise solutions.,Computer Vision
Image segmentation separates regions for real-world applications.,Computer Vision
OpenCV processes digital images using large datasets.,Computer Vision
Facial recognition uses visual features for enterprise solutions.,Computer Vision
Image augmentation improves robustness in research projects.,Computer Vision
Transformers improve language understanding to improve performance.,Natural Language Processing
Tokenization splits text into units in research projects.,Natural Language Processing
Sentiment analysis detects opinions in research projects.,Natural Language Processing
Named entity recognition identifies entities to improve performance.,Natural Language Processing
Text summarization condenses documents using modern techniques.,Natural Language Processing
Language models generate responses using large datasets.,Natural Language Processing
Machine translation converts languages to improve performance.,Natural Language Processing
Question answering retrieves information using large datasets.,Natural Language Processing
Chatbots understand user intent with high accuracy.,Natural Language Processing
Text classification categorizes documents using modern techniques.,Natural Language Processing
Transformers improve language understanding for enterprise solutions.,Natural Language Processing
Tokenization splits text into units for real-world applications.,Natural Language Processing
Sentiment analysis detects opinions for real-world applications.,Natural Language Processing
Named entity recognition identifies entities for real-world applications.,Natural Language Processing
Text summarization condenses documents to improve performance.,Natural Language Processing
Language models generate responses using modern techniques.,Natural Language Processing
Machine translation converts languages to improve performance.,Natural Language Processing
Question answering retrieves information with high accuracy.,Natural Language Processing
Chatbots understand user intent in research projects.,Natural Language Processing
Text classification categorizes documents for real-world applications.,Natural Language Processing
Transformers improve language understanding for real-world applications.,Natural Language Processing
Tokenization splits text into units to improve performance.,Natural Language Processing
Sentiment analysis detects opinions to improve performance.,Natural Language Processing
Named entity recognition identifies entities using modern techniques.,Natural Language Processing
Text summarization condenses documents to improve performance.,Natural Language Processing
Language models generate responses for enterprise solutions.,Natural Language Processing
Encryption protects sensitive information in research projects.,Cyber Security
Firewalls secure networks for real-world applications.,Cyber Security
Multi factor authentication increases security for enterprise solutions.,Cyber Security
Phishing attacks target users for enterprise solutions.,Cyber Security
Malware detection prevents infections using modern techniques.,Cyber Security
Security audits identify vulnerabilities using modern techniques.,Cyber Security
Intrusion detection monitors threats in research projects.,Cyber Security
Strong passwords reduce risk for real-world applications.,Cyber Security
Network monitoring improves security for enterprise solutions.,Cyber Security
Digital forensics investigates incidents for real-world applications.,Cyber Security
Encryption protects sensitive information for real-world applications.,Cyber Security
Firewalls secure networks for enterprise solutions.,Cyber Security
Multi factor authentication increases security in research projects.,Cyber Security
Phishing attacks target users using modern techniques.,Cyber Security
Malware detection prevents infections for enterprise solutions.,Cyber Security
Security audits identify vulnerabilities for enterprise solutions.,Cyber Security
Intrusion detection monitors threats in research projects.,Cyber Security
Strong passwords reduce risk using modern techniques.,Cyber Security
Network monitoring improves security for real-world applications.,Cyber Security
Digital forensics investigates incidents in research projects.,Cyber Security
Encryption protects sensitive information for real-world applications.,Cyber Security
Firewalls secure networks in research projects.,Cyber Security
Multi factor authentication increases security using large datasets.,Cyber Security
Phishing attacks target users using modern techniques.,Cyber Security
Malware detection prevents infections using large datasets.,Cyber Security
Security audits identify vulnerabilities in research projects.,Cyber Security
Cloud computing provides scalable resources to improve performance.,Cloud Computing
Virtual machines host applications in research projects.,Cloud Computing
Containers simplify deployment with high accuracy.,Cloud Computing
Serverless computing reduces maintenance for real-world applications.,Cloud Computing
Load balancing improves availability using modern techniques.,Cloud Computing
Cloud storage saves data with high accuracy.,Cloud Computing
Auto scaling handles demand using modern techniques.,Cloud Computing
Infrastructure as code automates provisioning using modern techniques.,Cloud Computing
Cloud platforms support analytics in research projects.,Cloud Computing
Hybrid cloud combines environments for real-world applications.,Cloud Computing
Cloud computing provides scalable resources using large datasets.,Cloud Computing
Virtual machines host applications using large datasets.,Cloud Computing
Containers simplify deployment with high accuracy.,Cloud Computing
Serverless computing reduces maintenance for real-world applications.,Cloud Computing
Load balancing improves availability to improve performance.,Cloud Computing
Cloud storage saves data with high accuracy.,Cloud Computing
Auto scaling handles demand using large datasets.,Cloud Computing
Infrastructure as code automates provisioning for enterprise solutions.,Cloud Computing
Cloud platforms support analytics in research projects.,Cloud Computing
Hybrid cloud combines environments for enterprise solutions.,Cloud Computing
Cloud computing provides scalable resources with high accuracy.,Cloud Computing
Virtual machines host applications in research projects.,Cloud Computing
Containers simplify deployment using large datasets.,Cloud Computing
Serverless computing reduces maintenance with high accuracy.,Cloud Computing
Load balancing improves availability for enterprise solutions.,Cloud Computing
Cloud storage saves data in research projects.,Cloud Computing
Robots use sensors to perceive environments with high accuracy.,Robotics
Industrial robots automate production using large datasets.,Robotics
Autonomous navigation avoids obstacles using large datasets.,Robotics
Robot arms perform repetitive tasks with high accuracy.,Robotics
Actuators create movement to improve performance.,Robotics
Robot vision improves navigation using large datasets.,Robotics
Mobile robots transport materials using large datasets.,Robotics
Robotics integrates hardware and software for enterprise solutions.,Robotics
Humanoid robots mimic humans using modern techniques.,Robotics
Robot controllers execute commands using large datasets.,Robotics
Robots use sensors to perceive environments for real-world applications.,Robotics
Industrial robots automate production for real-world applications.,Robotics
Autonomous navigation avoids obstacles using modern techniques.,Robotics
Robot arms perform repetitive tasks with high accuracy.,Robotics
Actuators create movement with high accuracy.,Robotics
Robot vision improves navigation using large datasets.,Robotics
Mobile robots transport materials using large datasets.,Robotics
Robotics integrates hardware and software with high accuracy.,Robotics
Humanoid robots mimic humans for real-world applications.,Robotics
Robot controllers execute commands using modern techniques.,Robotics
Robots use sensors to perceive environments in research projects.,Robotics
Industrial robots automate production for real-world applications.,Robotics
Autonomous navigation avoids obstacles in research projects.,Robotics
Robot arms perform repetitive tasks to improve performance.,Robotics
Actuators create movement for enterprise solutions.,Robotics
Robot vision improves navigation for enterprise solutions.,Robotics
Artificial intelligence enables intelligent decisions to improve performance.,Artificial Intelligence
Expert systems solve domain problems using large datasets.,Artificial Intelligence
AI assists healthcare diagnosis for real-world applications.,Artificial Intelligence
Knowledge representation stores facts using modern techniques.,Artificial Intelligence
Reasoning engines infer conclusions for real-world applications.,Artificial Intelligence
AI supports recommendation systems for real-world applications.,Artificial Intelligence
Planning algorithms optimize actions with high accuracy.,Artificial Intelligence
Speech recognition understands audio with high accuracy.,Artificial Intelligence
AI powers virtual assistants for real-world applications.,Artificial Intelligence
Intelligent agents interact with environments for enterprise solutions.,Artificial Intelligence
Artificial intelligence enables intelligent decisions using modern techniques.,Artificial Intelligence
Expert systems solve domain problems to improve performance.,Artificial Intelligence
AI assists healthcare diagnosis using large datasets.,Artificial Intelligence
Knowledge representation stores facts using large datasets.,Artificial Intelligence
Reasoning engines infer conclusions in research projects.,Artificial Intelligence
AI supports recommendation systems to improve performance.,Artificial Intelligence
Planning algorithms optimize actions for enterprise solutions.,Artificial Intelligence
Speech recognition understands audio for enterprise solutions.,Artificial Intelligence
AI powers virtual assistants using modern techniques.,Artificial Intelligence
Intelligent agents interact with environments in research projects.,Artificial Intelligence
Artificial intelligence enables intelligent decisions using large datasets.,Artificial Intelligence
Expert systems solve domain problems using modern techniques.,Artificial Intelligence
AI assists healthcare diagnosis for enterprise solutions.,Artificial Intelligence
Knowledge representation stores facts to improve performance.,Artificial Intelligence
Reasoning engines infer conclusions using large datasets.,Artificial Intelligence
AI supports recommendation systems to improve performance.,Artificial Intelligence
